-- MySQL dump 10.13  Distrib 5.7.25, for Linux (x86_64)
--
-- Host: 192.168.5.33    Database: Cantina
-- ------------------------------------------------------
-- Server version	5.7.24-0ubuntu0.16.04.1

/*!40101 SET @OLD_CHARACTER_SET_CLIENT=@@CHARACTER_SET_CLIENT */;
/*!40101 SET @OLD_CHARACTER_SET_RESULTS=@@CHARACTER_SET_RESULTS */;
/*!40101 SET @OLD_COLLATION_CONNECTION=@@COLLATION_CONNECTION */;
/*!40101 SET NAMES utf8 */;
/*!40103 SET @OLD_TIME_ZONE=@@TIME_ZONE */;
/*!40103 SET TIME_ZONE='+00:00' */;
/*!40014 SET @OLD_UNIQUE_CHECKS=@@UNIQUE_CHECKS, UNIQUE_CHECKS=0 */;
/*!40014 SET @OLD_FOREIGN_KEY_CHECKS=@@FOREIGN_KEY_CHECKS, FOREIGN_KEY_CHECKS=0 */;
/*!40101 SET @OLD_SQL_MODE=@@SQL_MODE, SQL_MODE='NO_AUTO_VALUE_ON_ZERO' */;
/*!40111 SET @OLD_SQL_NOTES=@@SQL_NOTES, SQL_NOTES=0 */;

--
-- Table structure for table `Botte`
--

DROP TABLE IF EXISTS `Botte`;
/*!40101 SET @saved_cs_client     = @@character_set_client */;
/*!40101 SET character_set_client = utf8 */;
CREATE TABLE `Botte` (
  `idBotte` int(11) NOT NULL,
  `contenuto` varchar(20) NOT NULL,
  `tempBotte` double NOT NULL,
  `tempsetBotte` double NOT NULL,
  `idLocale` int(11) NOT NULL,
  `volume` double NOT NULL,
  PRIMARY KEY (`idBotte`)
) ENGINE=InnoDB DEFAULT CHARSET=latin1;
/*!40101 SET character_set_client = @saved_cs_client */;

--
-- Dumping data for table `Botte`
--

LOCK TABLES `Botte` WRITE;
/*!40000 ALTER TABLE `Botte` DISABLE KEYS */;
INSERT INTO `Botte` VALUES (4,'prosecco',33,32,2,0),(5,'serprino',33,29,2,0),(6,'glera',33,26,2,0),(7,'malvasia',33,30,2,0),(8,'moscato',33,31,2,0),(9,'vuoto',33,26,2,0),(10,'pinot',33,31,2,0),(11,'chardonnay',33,26,2,0),(12,'tai',33,26,2,0),(13,'vuota',33,27,2,0),(14,'moscato',33,32,1,0),(15,'tai',33,28.100000000000016,1,0),(16,'garganego',33,26,1,0),(17,'vuota',33,26,1,0),(18,'sfuso',33,30,1,0),(19,'vuota',33,27,1,0),(20,'moscato',33,27.100000000000016,1,0),(21,'garganego',33,29,1,0),(22,'vuota',33,29,3,0),(23,'tai',33,29,3,0),(24,'chardonnay',33,29,3,0),(25,'moscato',33,26,3,0),(26,'tai',33,29,3,0),(27,'garganego',33,26,3,0),(28,'vuota',33,29,3,0),(29,'malvasia',33,27,3,0),(30,'sfuso',33,28,3,0),(31,'glera',33,32,3,0),(32,'glera',33,26,3,0),(33,'pinot',33,26,3,0);
/*!40000 ALTER TABLE `Botte` ENABLE KEYS */;
UNLOCK TABLES;

--
-- Table structure for table `Locale`
--

DROP TABLE IF EXISTS `Locale`;
/*!40101 SET @saved_cs_client     = @@character_set_client */;
/*!40101 SET character_set_client = utf8 */;
CREATE TABLE `Locale` (
  `idLocale` int(11) NOT NULL AUTO_INCREMENT,
  `tempLocale` double NOT NULL,
  `tempsetLocale` double NOT NULL,
  PRIMARY KEY (`idLocale`)
) ENGINE=InnoDB AUTO_INCREMENT=4 DEFAULT CHARSET=latin1;
/*!40101 SET character_set_client = @saved_cs_client */;

--
-- Dumping data for table `Locale`
--

LOCK TABLES `Locale` WRITE;
/*!40000 ALTER TABLE `Locale` DISABLE KEYS */;
INSERT INTO `Locale` VALUES (1,33,27),(2,33,27),(3,34,29);
/*!40000 ALTER TABLE `Locale` ENABLE KEYS */;
UNLOCK TABLES;

--
-- Table structure for table `StoricoBotte`
--

DROP TABLE IF EXISTS `StoricoBotte`;
/*!40101 SET @saved_cs_client     = @@character_set_client */;
/*!40101 SET character_set_client = utf8 */;
CREATE TABLE `StoricoBotte` (
  `idStoricoBotte` int(11) NOT NULL AUTO_INCREMENT,
  `dataAggB` datetime NOT NULL,
  `contenutoAggB` varchar(20) NOT NULL,
  `tempAggB` double NOT NULL,
  `idBotte` int(11) NOT NULL,
  `tempsetAggB` double NOT NULL,
  `volumeAggB` double NOT NULL,
  `flagContenuto` tinyint(4) NOT NULL,
  `flagTemperatura` tinyint(4) NOT NULL,
  `flagVolume` tinyint(4) NOT NULL,
  PRIMARY KEY (`idStoricoBotte`)
) ENGINE=InnoDB AUTO_INCREMENT=620 DEFAULT CHARSET=latin1;
/*!40101 SET character_set_client = @saved_cs_client */;

--
-- Dumping data for table `StoricoBotte`
--

LOCK TABLES `StoricoBotte` WRITE;
/*!40000 ALTER TABLE `StoricoBotte` DISABLE KEYS */;
INSERT INTO `StoricoBotte` VALUES (1,'2019-05-03 09:32:15','garganego',21.1,21,29,0,0,0,0),(2,'2019-05-03 09:32:16','moscato',25.1,25,26,0,0,0,0),(3,'2019-05-03 09:32:18','malvasia',7.1,7,30,0,0,0,0),(4,'2019-05-03 09:32:19','tai',25,26,29,0,0,0,0),(5,'2019-05-03 09:32:21','tai',12.1,12,26,0,0,0,0),(6,'2019-05-03 09:32:22','sfuso',30.1,30,28,0,0,0,0),(7,'2019-05-03 09:32:24','moscato',8.1,8,31,0,0,0,0),(8,'2019-05-03 09:32:28','garganego',16.1,16,26,0,0,0,0),(9,'2019-05-03 09:32:30','sfuso',25,18,30,0,0,0,0),(10,'2019-05-03 09:32:39','tai',26,23,29,0,0,0,0),(11,'2019-05-03 09:32:41','tai',30,12,26,0,0,0,0),(12,'2019-05-03 09:32:45','garganego',30,16,26,0,0,0,0),(13,'2019-05-03 09:32:47','glera',28,31,32,0,0,0,0),(14,'2019-05-03 09:32:48','moscato',29,25,26,0,0,0,0),(15,'2019-05-03 09:32:50','vuota',28,19,27,0,0,0,0),(16,'2019-05-03 09:32:51','vuoto',28,9,26,0,0,0,0),(17,'2019-05-03 09:32:53','moscato',25,20,26,0,0,0,0),(18,'2019-05-03 09:32:54','malvasia',29,7,30,0,0,0,0),(19,'2019-05-03 09:32:56','sfuso',29,18,30,0,0,0,0),(20,'2019-05-03 09:32:58','chardonnay',11.1,11,26,0,0,0,0),(21,'2019-05-03 09:33:01','tai',32,12,26,0,0,0,0),(22,'2019-05-03 09:33:02','malvasia',32,7,30,0,0,0,0),(23,'2019-05-03 09:33:04','tai',32,23,29,0,0,0,0),(24,'2019-05-03 09:33:06','vuoto',32,9,26,0,0,0,0),(25,'2019-05-03 09:33:07','garganego',29,21,29,0,0,0,0),(26,'2019-05-03 09:33:09','tai',32,23,29,0,0,0,0),(27,'2019-05-03 09:33:10','vuota',28.1,28,29,0,0,0,0),(28,'2019-05-03 09:33:12','vuota',17.1,17,26,0,0,0,0),(29,'2019-05-03 09:33:13','malvasia',32,7,30,0,0,0,0),(30,'2019-05-03 09:33:15','vuota',33,28,29,0,0,0,0),(31,'2019-05-03 09:33:17','vuota',13.1,13,27,0,0,0,0),(32,'2019-05-03 09:33:18','moscato',32,20,26,0,0,0,0),(33,'2019-05-03 09:33:20','malvasia',28,29,27,0,0,0,0),(34,'2019-05-03 09:33:21','pinot',33.1,33,26,0,0,0,0),(35,'2019-05-03 09:33:23','moscato',33,25,26,0,0,0,0),(36,'2019-05-03 09:33:24','vuota',33,28,29,0,0,0,0),(37,'2019-05-03 09:33:32','glera',6.1,6,26,0,0,0,0),(38,'2019-05-03 09:33:33','pinot',29,10,31,0,0,0,0),(39,'2019-05-03 09:33:35','moscato',14.1,14,32,0,0,0,0),(40,'2019-05-03 09:33:36','tai',25,15,27,0,0,0,0),(41,'2019-05-03 09:33:38','moscato',33,20,26,0,0,0,0),(42,'2019-05-03 09:33:40','vuota',32,19,27,0,0,0,0),(43,'2019-05-03 09:33:44','vuota',22.1,22,29,0,0,0,0),(44,'2019-05-03 09:33:45','glera',32.1,32,26,0,0,0,0),(45,'2019-05-03 09:33:47','moscato',30,8,31,0,0,0,0),(46,'2019-05-03 09:33:48','serprino',5.1,5,29,0,0,0,0),(47,'2019-05-03 09:33:50','vuota',33,28,29,0,0,0,0),(48,'2019-05-03 09:33:53','tai',32,12,26,0,0,0,0),(49,'2019-05-03 09:33:57','chardonnay',28,24,29,0,0,0,0),(50,'2019-05-03 09:34:02','tai',33,15,27,0,0,0,0),(51,'2019-05-03 09:34:03','vuota',33,13,27,0,0,0,0),(52,'2019-05-03 09:34:05','prosecco',28,4,32,0,0,0,0),(53,'2019-05-03 09:34:07','vuota',34,28,29,0,0,0,0),(54,'2019-05-03 09:34:08','vuota',33,17,26,0,0,0,0),(55,'2019-05-03 09:34:15','garganego',33,16,26,0,0,0,0),(56,'2019-05-03 09:34:16','tai',34,15,27,0,0,0,0),(57,'2019-05-03 09:34:18','vuota',34,17,26,0,0,0,0),(58,'2019-05-03 09:34:21','glera',33,6,26,0,0,0,0),(59,'2019-05-03 09:34:23','tai',30,26,29,0,0,0,0),(60,'2019-05-03 09:34:24','glera',34,6,26,0,0,0,0),(61,'2019-05-03 09:34:26','vuota',34,17,26,0,0,0,0),(62,'2019-05-03 09:34:27','tai',34,26,29,0,0,0,0),(63,'2019-05-03 09:40:37','moscato',33,20,26,0,0,0,0),(64,'2019-05-03 09:44:38','garganego',34,16,26,0,0,0,0),(65,'2019-05-03 09:44:40','garganego',33,16,26,0,0,0,0),(66,'2019-05-03 09:44:41','moscato',34,8,31,0,0,0,0),(67,'2019-05-03 09:44:45','tai',34,26,29,0,0,0,0),(68,'2019-05-03 09:44:46','moscato',33,25,26,0,0,0,0),(69,'2019-05-03 09:44:50','vuoto',32,9,26,0,0,0,0),(70,'2019-05-03 09:44:56','vuota',34,17,26,0,0,0,0),(71,'2019-05-03 09:45:02','tai',33,23,29,0,0,0,0),(72,'2019-05-03 09:45:05','moscato',33,14,32,0,0,0,0),(73,'2019-05-03 09:45:10','glera',34,32,26,0,0,0,0),(74,'2019-05-03 09:45:11','tai',27,23,29,0,0,0,0),(75,'2019-05-03 09:45:13','vuoto',26,9,26,0,0,0,0),(76,'2019-05-03 09:45:14','glera',34,6,26,0,0,0,0),(77,'2019-05-03 09:45:18','malvasia',33,29,27,0,0,0,0),(78,'2019-05-03 09:45:20','malvasia',33,7,30,0,0,0,0),(79,'2019-05-03 09:45:22','chardonnay',32,11,26,0,0,0,0),(80,'2019-05-03 09:45:23','vuota',33,22,29,0,0,0,0),(81,'2019-05-03 09:45:25','tai',27,23,29,0,0,0,0),(82,'2019-05-03 09:45:29','moscato',26,25,26,0,0,0,0),(83,'2019-05-03 09:45:30','tai',28,23,29,0,0,0,0),(84,'2019-05-03 09:45:33','pinot',33,33,26,0,0,0,0),(85,'2019-05-03 09:45:35','malvasia',27,7,30,0,0,0,0),(86,'2019-05-03 09:45:37','moscato',33,20,27.100000000000016,0,0,0,0),(87,'2019-05-03 09:45:41','vuota',28,22,29,0,0,0,0),(88,'2019-05-03 09:45:45','moscato',28,25,26,0,0,0,0),(89,'2019-05-03 09:45:46','pinot',28,33,26,0,0,0,0),(90,'2019-05-03 09:45:48','tai',26,26,29,0,0,0,0),(91,'2019-05-03 09:45:50','garganego',25,16,26,0,0,0,0),(92,'2019-05-03 09:45:51','vuota',26,17,26,0,0,0,0),(93,'2019-05-03 09:45:53','pinot',33,10,31,0,0,0,0),(94,'2019-05-03 09:45:54','prosecco',34,4,32,0,0,0,0),(95,'2019-05-03 09:45:56','malvasia',28,7,30,0,0,0,0),(96,'2019-05-03 09:45:57','serprino',34,5,29,0,0,0,0),(97,'2019-05-03 09:45:59','malvasia',27,29,27,0,0,0,0),(98,'2019-05-03 09:46:01','vuota',34,13,27,0,0,0,0),(99,'2019-05-03 09:46:02','glera',27,6,26,0,0,0,0),(100,'2019-05-03 09:46:04','chardonnay',27,11,26,0,0,0,0),(101,'2019-05-03 09:46:05','moscato',28,25,26,0,0,0,0),(102,'2019-05-03 09:46:07','vuota',28,22,29,0,0,0,0),(103,'2019-05-03 09:46:08','garganego',33,21,29,0,0,0,0),(104,'2019-05-03 09:46:10','moscato',28,20,27.100000000000016,0,0,0,0),(105,'2019-05-03 09:46:12','vuota',29,13,27,0,0,0,0),(106,'2019-05-03 09:46:13','moscato',25,8,31,0,0,0,0),(107,'2019-05-03 09:46:15','vuoto',27,9,26,0,0,0,0),(108,'2019-05-03 09:46:16','garganego',29,21,29,0,0,0,0),(109,'2019-05-03 09:46:18','moscato',27,14,32,0,0,0,0),(110,'2019-05-03 09:46:22','moscato',29,14,32,0,0,0,0),(111,'2019-05-03 09:46:24','tai',28,23,29,0,0,0,0),(112,'2019-05-03 09:46:25','moscato',29,20,27.100000000000016,0,0,0,0),(113,'2019-05-03 09:46:27','pinot',28,33,26,0,0,0,0),(114,'2019-05-03 09:46:33','sfuso',32,18,30,0,0,0,0),(115,'2019-05-03 09:46:35','garganego',29,21,29,0,0,0,0),(116,'2019-05-03 09:46:38','moscato',29,25,26,0,0,0,0),(117,'2019-05-03 09:46:40','serprino',28,5,29,0,0,0,0),(118,'2019-05-03 09:46:41','prosecco',28,4,32,0,0,0,0),(119,'2019-05-03 09:46:43','glera',27,32,26,0,0,0,0),(120,'2019-05-03 09:46:44','sfuso',29,18,30,0,0,0,0),(121,'2019-05-03 09:46:46','garganego',29,21,29,0,0,0,0),(122,'2019-05-03 09:46:48','tai',28,26,29,0,0,0,0),(123,'2019-05-03 09:46:49','tai',29,23,29,0,0,0,0),(124,'2019-05-03 09:46:51','chardonnay',34,24,29,0,0,0,0),(125,'2019-05-03 09:46:52','sfuso',29,18,30,0,0,0,0),(126,'2019-05-03 09:46:54','moscato',29,25,26,0,0,0,0),(127,'2019-05-03 09:46:55','malvasia',29,29,27,0,0,0,0),(128,'2019-05-03 09:47:02','vuota',34,28,29,0,0,0,0),(129,'2019-05-03 09:47:04','tai',34,15,27,0,0,0,0),(130,'2019-05-03 09:47:08','tai',29,26,29,0,0,0,0),(131,'2019-05-03 09:47:09','tai',34,12,26,0,0,0,0),(132,'2019-05-03 09:47:11','moscato',29,8,31,0,0,0,0),(133,'2019-05-03 09:47:12','malvasia',29,29,27,0,0,0,0),(134,'2019-05-03 09:47:14','garganego',29,21,29,0,0,0,0),(135,'2019-05-03 09:47:16','malvasia',28,7,30,0,0,0,0),(136,'2019-05-03 09:47:17','pinot',29,33,26,0,0,0,0),(137,'2019-05-03 09:47:19','vuoto',29,9,26,0,0,0,0),(138,'2019-05-03 09:47:20','pinot',28,10,31,0,0,0,0),(139,'2019-05-03 09:47:22','sfuso',30,30,28,0,0,0,0),(140,'2019-05-03 09:47:23','garganego',28,16,26,0,0,0,0),(141,'2019-05-03 09:47:29','glera',29,6,26,0,0,0,0),(142,'2019-05-03 09:47:31','vuota',29,28,29,0,0,0,0),(143,'2019-05-03 09:47:32','moscato',29,25,26,0,0,0,0),(144,'2019-05-03 09:47:34','moscato',30,8,31,0,0,0,0),(145,'2019-05-03 09:47:35','garganego',30,21,29,0,0,0,0),(146,'2019-05-03 09:47:40','vuota',29,22,29,0,0,0,0),(147,'2019-05-03 09:47:43','garganego',27,27,26,0,0,0,0),(148,'2019-05-03 09:47:46','prosecco',29,4,32,0,0,0,0),(149,'2019-05-03 09:47:47','chardonnay',29,11,26,0,0,0,0),(150,'2019-05-03 09:47:51','sfuso',29,18,30,0,0,0,0),(151,'2019-05-03 09:47:52','vuoto',30,9,26,0,0,0,0),(152,'2019-05-03 09:47:54','chardonnay',30,11,26,0,0,0,0),(153,'2019-05-03 09:47:55','garganego',30,21,29,0,0,0,0),(154,'2019-05-03 09:47:57','glera',30,6,26,0,0,0,0),(155,'2019-05-03 09:47:58','garganego',30,27,26,0,0,0,0),(156,'2019-05-03 09:48:00','vuota',33,19,27,0,0,0,0),(157,'2019-05-03 09:48:02','tai',30,12,26,0,0,0,0),(158,'2019-05-03 09:48:03','vuota',28,17,26,0,0,0,0),(159,'2019-05-03 09:48:05','tai',29,23,29,0,0,0,0),(160,'2019-05-03 09:48:06','garganego',30,27,26,0,0,0,0),(161,'2019-05-03 09:48:08','pinot',30,33,26,0,0,0,0),(162,'2019-05-03 09:48:09','tai',29,15,27,0,0,0,0),(163,'2019-05-03 09:48:13','glera',30,6,26,0,0,0,0),(164,'2019-05-03 09:48:17','pinot',30,33,26,0,0,0,0),(165,'2019-05-03 09:48:18','moscato',29,14,32,0,0,0,0),(166,'2019-05-03 09:48:20','vuota',30,28,29,0,0,0,0),(167,'2019-05-03 09:48:23','garganego',30,16,26,0,0,0,0),(168,'2019-05-03 09:48:27','vuota',30,28,29,0,0,0,0),(169,'2019-05-03 09:48:35','tai',30,12,26,0,0,0,0),(170,'2019-05-03 09:48:37','pinot',30,10,31,0,0,0,0),(171,'2019-05-03 09:48:38','glera',30,6,26,0,0,0,0),(172,'2019-05-03 09:48:40','vuota',30,22,29,0,0,0,0),(173,'2019-05-03 09:48:42','vuota',30,17,26,0,0,0,0),(174,'2019-05-03 09:48:43','serprino',29,5,29,0,0,0,0),(175,'2019-05-03 09:48:47','malvasia',30,7,30,0,0,0,0),(176,'2019-05-03 09:48:49','glera',29,32,26,0,0,0,0),(177,'2019-05-03 09:48:52','vuota',30,17,26,0,0,0,0),(178,'2019-05-03 09:48:56','glera',33,31,32,0,0,0,0),(179,'2019-05-03 09:48:58','tai',30,23,29,0,0,0,0),(180,'2019-05-03 09:48:59','glera',31,31,32,0,0,0,0),(181,'2019-05-03 09:49:01','glera',30,32,26,0,0,0,0),(182,'2019-05-03 09:49:02','tai',31,23,29,0,0,0,0),(183,'2019-05-03 09:49:04','tai',30,15,27,0,0,0,0),(184,'2019-05-03 09:49:08','moscato',29,20,27.100000000000016,0,0,0,0),(185,'2019-05-03 09:49:10','moscato',30,14,32,0,0,0,0),(186,'2019-05-03 09:49:11','vuota',30,19,27,0,0,0,0),(187,'2019-05-03 09:49:13','garganego',30,21,29,0,0,0,0),(188,'2019-05-03 09:49:14','moscato',31,20,27.100000000000016,0,0,0,0),(189,'2019-05-03 09:49:16','tai',30,12,26,0,0,0,0),(190,'2019-05-03 09:49:17','vuoto',30,9,26,0,0,0,0),(191,'2019-05-03 09:49:19','chardonnay',30,11,26,0,0,0,0),(192,'2019-05-03 09:49:21','garganego',31,21,29,0,0,0,0),(193,'2019-05-03 09:49:22','tai',30,26,29,0,0,0,0),(194,'2019-05-03 09:49:24','vuota',30,22,29,0,0,0,0),(195,'2019-05-03 09:49:29','pinot',30,33,26,0,0,0,0),(196,'2019-05-03 09:49:31','pinot',30,10,31,0,0,0,0),(197,'2019-05-03 09:49:33','garganego',31,21,29,0,0,0,0),(198,'2019-05-03 09:49:34','vuota',29,13,27,0,0,0,0),(199,'2019-05-03 09:49:36','pinot',31,33,26,0,0,0,0),(200,'2019-05-03 09:49:37','garganego',30,27,26,0,0,0,0),(201,'2019-05-03 09:49:43','garganego',31,21,29,0,0,0,0),(202,'2019-05-03 09:49:44','moscato',31,20,27.100000000000016,0,0,0,0),(203,'2019-05-03 09:49:46','pinot',31,10,31,0,0,0,0),(204,'2019-05-03 09:49:50','vuota',31,17,26,0,0,0,0),(205,'2019-05-03 09:49:52','vuota',31,22,29,0,0,0,0),(206,'2019-05-03 09:49:56','vuoto',31,9,26,0,0,0,0),(207,'2019-05-03 09:50:00','pinot',31,10,31,0,0,0,0),(208,'2019-05-03 09:50:04','pinot',31,10,31,0,0,0,0),(209,'2019-05-03 09:50:06','malvasia',30,7,30,0,0,0,0),(210,'2019-05-03 09:50:07','sfuso',30,30,28,0,0,0,0),(211,'2019-05-03 09:50:09','moscato',31,20,27.100000000000016,0,0,0,0),(212,'2019-05-03 09:50:10','tai',31,23,29,0,0,0,0),(213,'2019-05-03 09:50:12','glera',31,31,32,0,0,0,0),(214,'2019-05-03 09:50:14','serprino',30,5,29,0,0,0,0),(215,'2019-05-03 09:50:15','vuota',31,17,26,0,0,0,0),(216,'2019-05-03 09:50:17','sfuso',30,18,30,0,0,0,0),(217,'2019-05-03 09:50:18','malvasia',31,7,30,0,0,0,0),(218,'2019-05-03 09:50:22','vuota',31,19,27,0,0,0,0),(219,'2019-05-03 09:50:25','glera',31,32,26,0,0,0,0),(220,'2019-05-03 09:50:27','vuota',31,22,29,0,0,0,0),(221,'2019-05-03 09:50:29','moscato',30,8,31,0,0,0,0),(222,'2019-05-03 09:50:30','tai',31,15,27,0,0,0,0),(223,'2019-05-03 09:50:32','chardonnay',31,11,26,0,0,0,0),(224,'2019-05-03 09:50:33','garganego',30,16,26,0,0,0,0),(225,'2019-05-03 09:50:37','tai',31,12,26,0,0,0,0),(226,'2019-05-03 09:50:39','sfuso',31,18,30,0,0,0,0),(227,'2019-05-03 09:50:41','tai',31,15,27,0,0,0,0),(228,'2019-05-03 09:50:42','vuota',31,17,26,0,0,0,0),(229,'2019-05-03 09:50:44','vuota',30,22,29,0,0,0,0),(230,'2019-05-03 09:50:45','prosecco',30,4,32,0,0,0,0),(231,'2019-05-03 09:50:47','moscato',31,8,31,0,0,0,0),(232,'2019-05-03 09:50:48','garganego',31,21,29,0,0,0,0),(233,'2019-05-03 09:50:50','sfuso',30,18,30,0,0,0,0),(234,'2019-05-03 09:50:52','moscato',30,25,26,0,0,0,0),(235,'2019-05-03 09:50:55','pinot',31,33,26,0,0,0,0),(236,'2019-05-03 09:50:56','tai',30,15,27,0,0,0,0),(237,'2019-05-03 09:50:58','moscato',31,20,27.100000000000016,0,0,0,0),(238,'2019-05-03 09:50:59','serprino',31,5,29,0,0,0,0),(239,'2019-05-03 09:51:01','chardonnay',29,24,29,0,0,0,0),(240,'2019-05-03 09:51:03','garganego',30,16,26,0,0,0,0),(241,'2019-05-03 09:51:04','malvasia',31,7,30,0,0,0,0),(242,'2019-05-03 09:51:06','chardonnay',30,24,29,0,0,0,0),(243,'2019-05-03 09:51:09','malvasia',30,29,27,0,0,0,0),(244,'2019-05-03 09:51:12','moscato',30,8,31,0,0,0,0),(245,'2019-05-03 09:51:14','vuota',30,28,29,0,0,0,0),(246,'2019-05-03 09:51:15','serprino',30,5,29,0,0,0,0),(247,'2019-05-03 09:51:17','vuota',30,22,29,0,0,0,0),(248,'2019-05-03 09:51:18','garganego',30,16,26,0,0,0,0),(249,'2019-05-03 09:51:20','serprino',30,5,29,0,0,0,0),(250,'2019-05-03 09:51:21','garganego',31,27,26,0,0,0,0),(251,'2019-05-03 09:51:25','moscato',30,25,26,0,0,0,0),(252,'2019-05-03 09:51:26','garganego',30,21,29,0,0,0,0),(253,'2019-05-03 09:51:28','glera',30,6,26,0,0,0,0),(254,'2019-05-03 09:51:32','vuota',30,28,29,0,0,0,0),(255,'2019-05-03 09:51:33','garganego',30,27,26,0,0,0,0),(256,'2019-05-03 09:51:38','moscato',30,8,31,0,0,0,0),(257,'2019-05-03 09:51:39','vuota',30,17,26,0,0,0,0),(258,'2019-05-03 09:51:41','vuota',30,22,29,0,0,0,0),(259,'2019-05-03 09:51:42','garganego',30,21,29,0,0,0,0),(260,'2019-05-03 09:51:44','garganego',30,16,26,0,0,0,0),(261,'2019-05-03 09:51:45','garganego',30,27,26,0,0,0,0),(262,'2019-05-03 09:51:47','vuoto',31,9,26,0,0,0,0),(263,'2019-05-03 09:51:49','moscato',31,14,32,0,0,0,0),(264,'2019-05-03 09:51:50','garganego',30,27,26,0,0,0,0),(265,'2019-05-03 09:51:52','prosecco',30,4,32,0,0,0,0),(266,'2019-05-03 09:51:53','pinot',31,10,31,0,0,0,0),(267,'2019-05-03 09:51:56','tai',31,23,29,0,0,0,0),(268,'2019-05-03 09:51:58','prosecco',31,4,32,0,0,0,0),(269,'2019-05-03 09:52:00','moscato',30,20,27.100000000000016,0,0,0,0),(270,'2019-05-03 09:52:01','garganego',31,27,26,0,0,0,0),(271,'2019-05-03 09:52:03','moscato',30,25,26,0,0,0,0),(272,'2019-05-03 09:52:04','garganego',30,16,26,0,0,0,0),(273,'2019-05-03 09:52:06','moscato',31,14,32,0,0,0,0),(274,'2019-05-03 09:52:14','serprino',30,5,29,0,0,0,0),(275,'2019-05-03 09:52:16','vuota',30,28,29,0,0,0,0),(276,'2019-05-03 09:52:17','prosecco',31,4,32,0,0,0,0),(277,'2019-05-03 09:52:19','pinot',30,33,26,0,0,0,0),(278,'2019-05-03 09:52:20','sfuso',30,18,30,0,0,0,0),(279,'2019-05-03 09:52:22','vuoto',30,9,26,0,0,0,0),(280,'2019-05-03 09:52:23','glera',31,32,26,0,0,0,0),(281,'2019-05-03 09:52:25','vuota',30,17,26,0,0,0,0),(282,'2019-05-03 09:52:29','garganego',31,27,26,0,0,0,0),(283,'2019-05-03 09:52:31','garganego',31,16,26,0,0,0,0),(284,'2019-05-03 09:52:32','malvasia',30,7,30,0,0,0,0),(285,'2019-05-03 09:52:34','sfuso',31,18,30,0,0,0,0),(286,'2019-05-03 09:52:38','sfuso',31,18,30,0,0,0,0),(287,'2019-05-03 09:52:39','moscato',31,25,26,0,0,0,0),(288,'2019-05-03 09:52:41','tai',30,15,27,0,0,0,0),(289,'2019-05-03 09:52:43','glera',31,32,26,0,0,0,0),(290,'2019-05-03 09:52:44','glera',30,6,26,0,0,0,0),(291,'2019-05-03 09:52:46','moscato',31,14,32,0,0,0,0),(292,'2019-05-03 09:52:47','glera',31,6,26,0,0,0,0),(293,'2019-05-03 09:52:49','glera',31,32,26,0,0,0,0),(294,'2019-05-03 09:52:50','vuota',30,22,29,0,0,0,0),(295,'2019-05-03 09:52:54','glera',32,6,26,0,0,0,0),(296,'2019-05-03 09:52:57','vuota',31,13,27,0,0,0,0),(297,'2019-05-03 09:53:01','chardonnay',30,24,29,0,0,0,0),(298,'2019-05-03 09:53:02','moscato',30,8,31,0,0,0,0),(299,'2019-05-03 09:53:04','garganego',31,16,26,0,0,0,0),(300,'2019-05-03 09:53:07','malvasia',30,29,27,0,0,0,0),(301,'2019-05-03 09:53:09','moscato',31,20,27.100000000000016,0,0,0,0),(302,'2019-05-03 09:53:10','tai',31,15,27,0,0,0,0),(303,'2019-05-03 09:53:12','chardonnay',31,11,26,0,0,0,0),(304,'2019-05-03 09:53:13','moscato',31,25,26,0,0,0,0),(305,'2019-05-03 09:53:15','sfuso',31,30,28,0,0,0,0),(306,'2019-05-03 09:53:17','pinot',31,33,26,0,0,0,0),(307,'2019-05-03 09:53:18','garganego',30,21,29,0,0,0,0),(308,'2019-05-03 09:53:20','vuoto',31,9,26,0,0,0,0),(309,'2019-05-03 09:53:23','vuota',32,13,27,0,0,0,0),(310,'2019-05-03 09:53:24','vuota',31,28,29,0,0,0,0),(311,'2019-05-03 09:53:26','moscato',32,25,26,0,0,0,0),(312,'2019-05-03 09:53:28','glera',32,6,26,0,0,0,0),(313,'2019-05-03 09:53:29','vuota',32,13,27,0,0,0,0),(314,'2019-05-03 09:53:31','tai',31,26,29,0,0,0,0),(315,'2019-05-03 09:53:32','moscato',32,8,31,0,0,0,0),(316,'2019-05-03 09:53:34','moscato',32,25,26,0,0,0,0),(317,'2019-05-03 09:53:35','sfuso',32,30,28,0,0,0,0),(318,'2019-05-03 09:53:37','glera',31,31,32,0,0,0,0),(319,'2019-05-03 09:53:39','pinot',32,33,26,0,0,0,0),(320,'2019-05-03 09:53:40','malvasia',32,29,27,0,0,0,0),(321,'2019-05-03 09:53:42','glera',32,31,32,0,0,0,0),(322,'2019-05-03 09:53:43','pinot',32,33,26,0,0,0,0),(323,'2019-05-03 09:53:45','tai',32,26,29,0,0,0,0),(324,'2019-05-03 09:53:46','serprino',31,5,29,0,0,0,0),(325,'2019-05-03 09:53:51','tai',31,23,29,0,0,0,0),(326,'2019-05-03 09:53:52','pinot',31,10,31,0,0,0,0),(327,'2019-05-03 09:53:54','pinot',32,33,26,0,0,0,0),(328,'2019-05-03 09:53:59','vuota',31,19,27,0,0,0,0),(329,'2019-05-03 09:54:01','vuota',32,19,27,0,0,0,0),(330,'2019-05-03 09:54:03','pinot',32,33,26,0,0,0,0),(331,'2019-05-03 09:54:04','glera',32,32,26,0,0,0,0),(332,'2019-05-03 09:54:06','chardonnay',32,11,26,0,0,0,0),(333,'2019-05-03 09:54:07','sfuso',32,30,28,0,0,0,0),(334,'2019-05-03 09:54:09','moscato',32,20,27.100000000000016,0,0,0,0),(335,'2019-05-03 09:54:10','sfuso',32,30,28,0,0,0,0),(336,'2019-05-03 09:54:14','garganego',32,16,26,0,0,0,0),(337,'2019-05-03 09:54:19','tai',32,23,29,0,0,0,0),(338,'2019-05-03 09:54:25','garganego',32,21,29,0,0,0,0),(339,'2019-05-03 09:54:27','moscato',32,20,27.100000000000016,0,0,0,0),(340,'2019-05-03 09:54:28','tai',30,12,26,0,0,0,0),(341,'2019-05-03 09:54:32','garganego',32,21,29,0,0,0,0),(342,'2019-05-03 09:54:34','sfuso',32,30,28,0,0,0,0),(343,'2019-05-03 09:54:38','tai',32,26,29,0,0,0,0),(344,'2019-05-03 09:54:40','garganego',31,27,26,0,0,0,0),(345,'2019-05-03 09:54:41','tai',32,26,29,0,0,0,0),(346,'2019-05-03 09:54:43','prosecco',31,4,32,0,0,0,0),(347,'2019-05-03 09:54:44','malvasia',32,29,27,0,0,0,0),(348,'2019-05-03 09:54:46','garganego',32,27,26,0,0,0,0),(349,'2019-05-03 09:54:48','garganego',32,21,29,0,0,0,0),(350,'2019-05-03 09:54:49','moscato',32,8,31,0,0,0,0),(351,'2019-05-03 09:54:51','pinot',32,10,31,0,0,0,0),(352,'2019-05-03 09:54:52','garganego',32,16,26,0,0,0,0),(353,'2019-05-03 09:54:58','vuota',31,17,26,0,0,0,0),(354,'2019-05-03 09:55:00','moscato',31,14,32,0,0,0,0),(355,'2019-05-03 09:55:01','moscato',32,25,26,0,0,0,0),(356,'2019-05-03 09:55:04','vuota',32,13,27,0,0,0,0),(357,'2019-05-03 09:55:08','vuota',33,13,27,0,0,0,0),(358,'2019-05-03 09:55:10','garganego',32,27,26,0,0,0,0),(359,'2019-05-03 09:55:11','glera',32,32,26,0,0,0,0),(360,'2019-05-03 09:55:13','tai',32,26,29,0,0,0,0),(361,'2019-05-03 09:55:15','tai',32,23,29,0,0,0,0),(362,'2019-05-03 09:55:16','garganego',33,16,26,0,0,0,0),(363,'2019-05-03 09:55:20','malvasia',32,29,27,0,0,0,0),(364,'2019-05-03 09:55:24','chardonnay',32,24,29,0,0,0,0),(365,'2019-05-03 09:55:31','sfuso',31,18,30,0,0,0,0),(366,'2019-05-03 09:55:33','garganego',33,16,26,0,0,0,0),(367,'2019-05-03 09:55:37','moscato',32,8,31,0,0,0,0),(368,'2019-05-03 09:55:42','tai',32,12,26,0,0,0,0),(369,'2019-05-03 09:55:44','tai',32,15,27,0,0,0,0),(370,'2019-05-03 09:55:46','garganego',32,21,29,0,0,0,0),(371,'2019-05-03 09:55:47','sfuso',33,18,30,0,0,0,0),(372,'2019-05-03 09:55:49','chardonnay',32,11,26,0,0,0,0),(373,'2019-05-03 09:55:50','garganego',33,21,29,0,0,0,0),(374,'2019-05-03 09:55:52','moscato',33,25,26,0,0,0,0),(375,'2019-05-03 09:55:53','vuoto',32,9,26,0,0,0,0),(376,'2019-05-03 09:55:55','tai',33,23,29,0,0,0,0),(377,'2019-05-03 09:56:01','glera',33,32,26,0,0,0,0),(378,'2019-05-03 09:56:05','malvasia',31,7,30,0,0,0,0),(379,'2019-05-03 09:56:06','malvasia',33,29,27,0,0,0,0),(380,'2019-05-03 09:56:08','vuota',33,13,27,0,0,0,0),(381,'2019-05-03 09:56:09','prosecco',32,4,32,0,0,0,0),(382,'2019-05-03 09:56:11','garganego',33,27,26,0,0,0,0),(383,'2019-05-03 09:56:13','malvasia',33,7,30,0,0,0,0),(384,'2019-05-03 09:56:14','serprino',32,5,29,0,0,0,0),(385,'2019-05-03 09:56:16','tai',33,23,29,0,0,0,0),(386,'2019-05-03 09:56:20','sfuso',32,30,28,0,0,0,0),(387,'2019-05-03 09:56:24','sfuso',33,30,28,0,0,0,0),(388,'2019-05-03 09:56:25','garganego',33,27,26,0,0,0,0),(389,'2019-05-03 09:56:30','sfuso',33,30,28,0,0,0,0),(390,'2019-05-03 09:56:31','sfuso',33,18,30,0,0,0,0),(391,'2019-05-03 09:56:34','tai',33,12,26,0,0,0,0),(392,'2019-05-03 09:56:36','chardonnay',33,11,26,0,0,0,0),(393,'2019-05-03 09:56:37','glera',33,32,26,0,0,0,0),(394,'2019-05-03 09:56:39','tai',33,15,27,0,0,0,0),(395,'2019-05-03 09:56:41','vuota',33,13,27,0,0,0,0),(396,'2019-05-03 09:56:42','tai',33,23,29,0,0,0,0),(397,'2019-05-03 09:56:44','glera',33,32,26,0,0,0,0),(398,'2019-05-03 09:56:48','vuoto',33,9,26,0,0,0,0),(399,'2019-05-03 09:56:49','vuota',32,22,29,0,0,0,0),(400,'2019-05-03 09:56:54','pinot',33,10,31,0,0,0,0),(401,'2019-05-03 09:56:55','prosecco',33,4,32,0,0,0,0),(402,'2019-05-03 09:56:57','garganego',33,16,26,0,0,0,0),(403,'2019-05-03 09:56:58','prosecco',33,4,32,0,0,0,0),(404,'2019-05-03 09:57:00','sfuso',33,18,30,0,0,0,0),(405,'2019-05-03 09:57:03','malvasia',33,7,30,0,0,0,0),(406,'2019-05-03 09:57:04','vuota',33,13,27,0,0,0,0),(407,'2019-05-03 09:57:06','glera',33,32,26,0,0,0,0),(408,'2019-05-03 09:57:08','pinot',32,33,26,0,0,0,0),(409,'2019-05-03 09:57:12','malvasia',33,29,27,0,0,0,0),(410,'2019-05-03 09:57:13','vuoto',33,9,26,0,0,0,0),(411,'2019-05-03 09:57:15','sfuso',33,18,30,0,0,0,0),(412,'2019-05-03 09:57:16','vuota',32,28,29,0,0,0,0),(413,'2019-05-03 09:57:20','garganego',33,21,29,0,0,0,0),(414,'2019-05-03 09:57:21','malvasia',33,7,30,0,0,0,0),(415,'2019-05-03 09:57:24','serprino',33,5,29,0,0,0,0),(416,'2019-05-03 09:57:26','vuota',33,13,27,0,0,0,0),(417,'2019-05-03 09:57:28','moscato',33,25,26,0,0,0,0),(418,'2019-05-03 09:57:29','prosecco',33,4,32,0,0,0,0),(419,'2019-05-03 09:57:31','malvasia',33,29,27,0,0,0,0),(420,'2019-05-03 09:57:35','tai',33,23,29,0,0,0,0),(421,'2019-05-03 09:57:36','moscato',32,20,27.100000000000016,0,0,0,0),(422,'2019-05-03 09:57:38','prosecco',33,4,32,0,0,0,0),(423,'2019-05-03 09:57:42','moscato',33,25,26,0,0,0,0),(424,'2019-05-03 09:57:44','chardonnay',33,11,26,0,0,0,0),(425,'2019-05-03 09:57:48','garganego',33,27,26,0,0,0,0),(426,'2019-05-03 09:57:49','vuota',33,28,29,0,0,0,0),(427,'2019-05-03 09:57:55','moscato',33,8,31,0,0,0,0),(428,'2019-05-03 09:57:58','serprino',33,5,29,0,0,0,0),(429,'2019-05-03 09:58:04','sfuso',33,18,30,0,0,0,0),(430,'2019-05-03 09:58:07','pinot',33,10,31,0,0,0,0),(431,'2019-05-03 09:58:11','sfuso',33,18,30,0,0,0,0),(432,'2019-05-03 09:58:13','malvasia',33,7,30,0,0,0,0),(433,'2019-05-03 09:58:14','malvasia',33,29,27,0,0,0,0),(434,'2019-05-03 09:58:16','tai',33,23,29,0,0,0,0),(435,'2019-05-03 09:58:17','garganego',33,27,26,0,0,0,0),(436,'2019-05-03 09:58:19','tai',33,26,29,0,0,0,0),(437,'2019-05-03 09:58:23','prosecco',33,4,32,0,0,0,0),(438,'2019-05-03 09:58:25','vuota',33,17,26,0,0,0,0),(439,'2019-05-03 09:58:26','moscato',33,20,27.100000000000016,0,0,0,0),(440,'2019-05-03 09:58:29','vuota',33,28,29,0,0,0,0),(441,'2019-05-03 09:58:33','garganego',33,27,26,0,0,0,0),(442,'2019-05-03 09:58:35','malvasia',33,7,30,0,0,0,0),(443,'2019-05-03 09:58:37','tai',33,12,26,0,0,0,0),(444,'2019-05-03 09:58:38','vuota',33,17,26,0,0,0,0),(445,'2019-05-03 09:58:40','tai',33,15,27,0,0,0,0),(446,'2019-05-03 09:58:41','malvasia',33,7,30,0,0,0,0),(447,'2019-05-03 09:58:43','malvasia',33,7,30,0,0,0,0),(448,'2019-05-03 09:58:44','chardonnay',33,11,26,0,0,0,0),(449,'2019-05-03 09:58:46','vuota',33,13,27,0,0,0,0),(450,'2019-05-03 09:58:48','pinot',33,10,31,0,0,0,0),(451,'2019-05-03 09:58:49','vuota',33,17,26,0,0,0,0),(452,'2019-05-03 09:58:56','tai',33,26,29,0,0,0,0),(453,'2019-05-03 09:58:57','garganego',33,16,26,0,0,0,0),(454,'2019-05-03 09:58:59','garganego',33,27,26,0,0,0,0),(455,'2019-05-03 09:59:01','moscato',33,14,32,0,0,0,0),(456,'2019-05-03 09:59:02','moscato',33,8,31,0,0,0,0),(457,'2019-05-03 09:59:04','moscato',33,20,27.100000000000016,0,0,0,0),(458,'2019-05-03 09:59:08','chardonnay',33,24,29,0,0,0,0),(459,'2019-05-03 09:59:09','vuoto',33,9,26,0,0,0,0),(460,'2019-05-03 09:59:11','glera',32,31,32,0,0,0,0),(461,'2019-05-03 09:59:12','garganego',33,16,26,0,0,0,0),(462,'2019-05-03 09:59:14','moscato',33,25,26,0,0,0,0),(463,'2019-05-03 09:59:16','garganego',33,16,26,0,0,0,0),(464,'2019-05-03 09:59:17','tai',33,26,29,0,0,0,0),(465,'2019-05-03 09:59:19','moscato',33,8,31,0,0,0,0),(466,'2019-05-03 09:59:20','moscato',33,20,27.100000000000016,0,0,0,0),(467,'2019-05-03 09:59:22','sfuso',33,30,28,0,0,0,0),(468,'2019-05-03 09:59:25','chardonnay',33,11,26,0,0,0,0),(469,'2019-05-03 09:59:27','pinot',33,33,26,0,0,0,0),(470,'2019-05-03 09:59:28','sfuso',33,30,28,0,0,0,0),(471,'2019-05-03 09:59:30','vuota',33,28,29,0,0,0,0),(472,'2019-05-03 09:59:33','serprino',33,5,29,0,0,0,0),(473,'2019-05-03 09:59:34','prosecco',33,4,32,0,0,0,0),(474,'2019-05-03 09:59:36','glera',32,6,26,0,0,0,0),(475,'2019-05-03 09:59:38','vuoto',33,9,26,0,0,0,0),(476,'2019-05-03 09:59:39','vuota',33,17,26,0,0,0,0),(477,'2019-05-03 09:59:43','glera',33,31,32,0,0,0,0),(478,'2019-05-03 09:59:45','garganego',33,27,26,0,0,0,0),(479,'2019-05-03 09:59:46','garganego',33,21,29,0,0,0,0),(480,'2019-05-03 09:59:48','pinot',33,33,26,0,0,0,0),(481,'2019-05-03 09:59:50','moscato',33,8,31,0,0,0,0),(482,'2019-05-03 09:59:51','prosecco',33,4,32,0,0,0,0),(483,'2019-05-03 09:59:53','glera',33,31,32,0,0,0,0),(484,'2019-05-03 09:59:54','glera',33,6,26,0,0,0,0),(485,'2019-05-03 09:59:56','tai',33,23,29,0,0,0,0),(486,'2019-05-03 09:59:57','glera',33,31,32,0,0,0,0),(487,'2019-05-03 09:59:59','glera',33,32,26,0,0,0,0),(488,'2019-05-03 10:00:03','chardonnay',33,24,29,0,0,0,0),(489,'2019-05-03 10:00:05','garganego',33,16,26,0,0,0,0),(490,'2019-05-03 10:00:06','sfuso',33,18,30,0,0,0,0),(491,'2019-05-03 10:00:08','malvasia',33,29,27,0,0,0,0),(492,'2019-05-03 10:00:09','vuota',33,13,27,0,0,0,0),(493,'2019-05-03 10:00:11','tai',33,23,29,0,0,0,0),(494,'2019-05-03 10:00:13','vuota',33,17,26,0,0,0,0),(495,'2019-05-03 10:00:14','glera',33,6,26,0,0,0,0),(496,'2019-05-03 10:00:16','vuota',33,17,26,0,0,0,0),(497,'2019-05-03 10:00:17','chardonnay',33,24,29,0,0,0,0),(498,'2019-05-03 10:00:19','chardonnay',33,24,29,0,0,0,0),(499,'2019-05-03 10:00:20','malvasia',33,7,30,0,0,0,0),(500,'2019-05-03 10:00:25','sfuso',33,30,28,0,0,0,0),(501,'2019-05-03 10:00:26','pinot',33,10,31,0,0,0,0),(502,'2019-05-03 10:00:28','moscato',33,14,32,0,0,0,0),(503,'2019-05-03 10:00:29','serprino',33,5,29,0,0,0,0),(504,'2019-05-03 10:00:33','garganego',33,16,26,0,0,0,0),(505,'2019-05-03 10:00:35','garganego',33,21,29,0,0,0,0),(506,'2019-05-03 10:00:38','glera',33,6,26,0,0,0,0),(507,'2019-05-03 10:00:41','glera',33,6,26,0,0,0,0),(508,'2019-05-03 10:00:43','malvasia',33,29,27,0,0,0,0),(509,'2019-05-03 10:00:44','malvasia',33,29,27,0,0,0,0),(510,'2019-05-03 10:00:46','moscato',33,25,26,0,0,0,0),(511,'2019-05-03 10:00:48','garganego',33,27,26,0,0,0,0),(512,'2019-05-03 10:00:49','sfuso',33,30,28,0,0,0,0),(513,'2019-05-03 10:00:51','garganego',33,16,26,0,0,0,0),(514,'2019-05-03 10:00:52','moscato',33,14,32,0,0,0,0),(515,'2019-05-03 10:00:54','vuoto',33,9,26,0,0,0,0),(516,'2019-05-03 10:00:55','malvasia',33,7,30,0,0,0,0),(517,'2019-05-03 10:00:57','tai',33,15,27,0,0,0,0),(518,'2019-05-03 10:00:58','tai',33,15,27,0,0,0,0),(519,'2019-05-03 10:01:00','vuota',33,17,26,0,0,0,0),(520,'2019-05-03 10:01:02','malvasia',33,29,27,0,0,0,0),(521,'2019-05-03 10:01:03','tai',33,23,29,0,0,0,0),(522,'2019-05-03 10:01:05','garganego',33,27,26,0,0,0,0),(523,'2019-05-03 10:01:06','vuota',33,17,26,0,0,0,0),(524,'2019-05-03 10:01:08','vuota',33,22,29,0,0,0,0),(525,'2019-05-03 10:01:12','tai',33,12,26,0,0,0,0),(526,'2019-05-03 10:01:14','vuoto',33,9,26,0,0,0,0),(527,'2019-05-03 10:01:15','moscato',33,14,32,0,0,0,0),(528,'2019-05-03 10:01:17','tai',33,15,27,0,0,0,0),(529,'2019-05-03 10:01:22','vuota',32,19,27,0,0,0,0),(530,'2019-05-03 10:01:24','vuota',33,13,27,0,0,0,0),(531,'2019-05-03 10:01:27','vuota',33,22,29,0,0,0,0),(532,'2019-05-03 10:01:31','chardonnay',33,24,29,0,0,0,0),(533,'2019-05-03 10:01:33','vuota',33,19,27,0,0,0,0),(534,'2019-05-03 10:01:34','moscato',33,8,31,0,0,0,0),(535,'2019-05-03 10:01:36','vuota',33,22,29,0,0,0,0),(536,'2019-05-03 10:01:39','moscato',33,25,26,0,0,0,0),(537,'2019-05-03 10:01:43','serprino',33,5,29,0,0,0,0),(538,'2019-05-03 10:01:45','chardonnay',33,24,29,0,0,0,0),(539,'2019-05-03 10:01:46','pinot',33,10,31,0,0,0,0),(540,'2019-05-03 10:01:49','vuota',33,13,27,0,0,0,0),(541,'2019-05-03 10:01:51','vuota',33,22,29,0,0,0,0),(542,'2019-05-03 10:01:53','tai',33,12,26,0,0,0,0),(543,'2019-05-03 10:01:54','chardonnay',33,11,26,0,0,0,0),(544,'2019-05-03 10:01:56','vuota',33,22,29,0,0,0,0),(545,'2019-05-03 10:01:57','pinot',33,10,31,0,0,0,0),(546,'2019-05-03 10:01:59','vuota',33,17,26,0,0,0,0),(547,'2019-05-03 10:02:02','vuota',33,28,29,0,0,0,0),(548,'2019-05-03 10:02:04','tai',33,23,29,0,0,0,0),(549,'2019-05-03 10:02:05','chardonnay',33,11,26,0,0,0,0),(550,'2019-05-03 10:02:07','vuoto',33,9,26,0,0,0,0),(551,'2019-05-03 10:02:08','vuota',33,17,26,0,0,0,0),(552,'2019-05-03 10:02:10','glera',33,31,32,0,0,0,0),(553,'2019-05-03 10:02:11','vuota',33,19,27,0,0,0,0),(554,'2019-05-03 10:02:15','pinot',33,33,26,0,0,0,0),(555,'2019-05-03 10:02:16','serprino',33,5,29,0,0,0,0),(556,'2019-05-03 10:02:18','vuota',33,28,29,0,0,0,0),(557,'2019-05-03 10:02:19','serprino',33,5,29,0,0,0,0),(558,'2019-05-03 10:02:21','glera',33,32,26,0,0,0,0),(559,'2019-05-03 10:02:24','chardonnay',33,24,29,0,0,0,0),(560,'2019-05-03 10:02:26','moscato',33,14,32,0,0,0,0),(561,'2019-05-03 10:02:27','vuota',33,22,29,0,0,0,0),(562,'2019-05-03 10:02:30','malvasia',33,29,27,0,0,0,0),(563,'2019-05-03 10:02:33','vuoto',33,9,26,0,0,0,0),(564,'2019-05-03 10:02:35','sfuso',33,18,30,0,0,0,0),(565,'2019-05-03 10:02:37','tai',33,23,29,0,0,0,0),(566,'2019-05-03 10:02:38','tai',33,26,29,0,0,0,0),(567,'2019-05-03 10:02:40','moscato',33,20,27.100000000000016,0,0,0,0),(568,'2019-05-03 10:02:41','sfuso',33,30,28,0,0,0,0),(569,'2019-05-03 10:02:43','chardonnay',33,11,26,0,0,0,0),(570,'2019-05-03 10:02:46','moscato',33,14,32,0,0,0,0),(571,'2019-05-03 10:02:49','malvasia',33,7,30,0,0,0,0),(572,'2019-05-03 10:02:51','malvasia',33,29,27,0,0,0,0),(573,'2019-05-03 10:02:52','moscato',33,25,26,0,0,0,0),(574,'2019-05-03 10:02:54','chardonnay',33,11,26,0,0,0,0),(575,'2019-05-03 10:03:01','garganego',33,21,29,0,0,0,0),(576,'2019-05-03 10:03:02','moscato',33,25,26,0,0,0,0),(577,'2019-05-03 10:03:04','chardonnay',33,24,29,0,0,0,0),(578,'2019-05-03 10:03:05','chardonnay',33,11,26,0,0,0,0),(579,'2019-05-03 10:03:07','glera',33,6,26,0,0,0,0),(580,'2019-05-03 10:03:08','moscato',33,8,31,0,0,0,0),(581,'2019-05-03 10:03:10','serprino',33,5,29,0,0,0,0),(582,'2019-05-03 10:03:12','vuota',33,13,27,0,0,0,0),(583,'2019-05-03 10:03:13','garganego',33,16,26,0,0,0,0),(584,'2019-05-03 10:03:15','malvasia',33,7,30,0,0,0,0),(585,'2019-05-03 10:03:16','vuota',33,17,26,0,0,0,0),(586,'2019-05-03 10:03:18','sfuso',33,30,28,0,0,0,0),(587,'2019-05-03 10:03:19','malvasia',33,7,30,0,0,0,0),(588,'2019-05-03 10:03:21','prosecco',33,4,32,0,0,0,0),(589,'2019-05-03 10:03:22','tai',33,26,29,0,0,0,0),(590,'2019-05-03 10:03:24','vuota',33,13,27,0,0,0,0),(591,'2019-05-03 10:03:27','moscato',33,20,27.100000000000016,0,0,0,0),(592,'2019-05-03 10:03:29','glera',33,6,26,0,0,0,0),(593,'2019-05-03 10:03:30','tai',33,12,26,0,0,0,0),(594,'2019-05-03 10:03:32','malvasia',33,7,30,0,0,0,0),(595,'2019-05-03 10:03:33','moscato',33,8,31,0,0,0,0),(596,'2019-05-03 10:03:35','sfuso',33,30,28,0,0,0,0),(597,'2019-05-03 10:03:37','vuoto',33,9,26,0,0,0,0),(598,'2019-05-03 10:03:42','glera',33,31,32,0,0,0,0),(599,'2019-05-03 10:03:44','garganego',33,21,29,0,0,0,0),(600,'2019-05-03 10:03:46','malvasia',33,29,27,0,0,0,0),(601,'2019-05-03 10:03:47','chardonnay',33,11,26,0,0,0,0),(602,'2019-05-03 10:03:50','pinot',33,33,26,0,0,0,0),(603,'2019-05-03 10:03:52','vuota',33,28,29,0,0,0,0),(604,'2019-05-03 10:03:53','tai',33,12,26,0,0,0,0),(605,'2019-05-03 10:03:55','sfuso',33,18,30,0,0,0,0),(606,'2019-05-03 10:03:57','malvasia',33,7,30,0,0,0,0),(607,'2019-05-03 10:03:58','vuota',33,22,29,0,0,0,0),(608,'2019-05-03 10:04:02','tai',33,26,29,0,0,0,0),(609,'2019-05-03 10:04:04','vuota',33,13,27,0,0,0,0),(610,'2019-05-03 10:04:05','malvasia',33,7,30,0,0,0,0),(611,'2019-05-03 10:04:07','pinot',33,10,31,0,0,0,0),(612,'2019-05-03 10:04:08','vuoto',33,9,26,0,0,0,0),(613,'2019-05-03 10:04:10','vuota',33,19,27,0,0,0,0),(614,'2019-05-03 10:04:12','glera',33,6,26,0,0,0,0),(615,'2019-05-03 10:04:13','chardonnay',33,24,29,0,0,0,0),(616,'2019-05-03 10:04:16','glera',33,6,26,0,0,0,0),(617,'2019-05-03 10:04:18','vuota',33,22,29,0,0,0,0),(618,'2019-05-03 10:04:19','moscato',33,25,26,0,0,0,0),(619,'2019-05-03 10:29:34','tai',33,15,27,0,0,0,0);
/*!40000 ALTER TABLE `StoricoBotte` ENABLE KEYS */;
UNLOCK TABLES;

--
-- Table structure for table `StoricoLocale`
--

DROP TABLE IF EXISTS `StoricoLocale`;
/*!40101 SET @saved_cs_client     = @@character_set_client */;
/*!40101 SET character_set_client = utf8 */;
CREATE TABLE `StoricoLocale` (
  `idStoricoLocale` int(11) NOT NULL AUTO_INCREMENT,
  `dataAggL` datetime NOT NULL,
  `tempAggL` double NOT NULL,
  `idLocale` int(11) NOT NULL,
  `tempsetAggL` double NOT NULL,
  PRIMARY KEY (`idStoricoLocale`)
) ENGINE=InnoDB AUTO_INCREMENT=72 DEFAULT CHARSET=latin1;
/*!40101 SET character_set_client = @saved_cs_client */;

--
-- Dumping data for table `StoricoLocale`
--

LOCK TABLES `StoricoLocale` WRITE;
/*!40000 ALTER TABLE `StoricoLocale` DISABLE KEYS */;
INSERT INTO `StoricoLocale` VALUES (1,'2019-05-03 09:32:34',2.1,2,27),(2,'2019-05-03 09:32:38',3.1,3,29),(3,'2019-05-03 09:32:59',1.1,1,27),(4,'2019-05-03 09:33:26',32,3,29),(5,'2019-05-03 09:33:28',33,3,29),(6,'2019-05-03 09:33:51',32,1,27),(7,'2019-05-03 09:33:59',30,2,27),(8,'2019-05-03 09:34:00',33,3,29),(9,'2019-05-03 09:34:20',34,3,29),(10,'2019-05-03 09:44:43',34,3,29),(11,'2019-05-03 09:44:54',34,1,27),(12,'2019-05-03 09:44:58',25,3,29),(13,'2019-05-03 09:45:03',26,3,29),(14,'2019-05-03 09:45:06',26,1,27),(15,'2019-05-03 09:45:08',27,1,27),(16,'2019-05-03 09:45:32',27,1,27),(17,'2019-05-03 09:46:36',28,1,27),(18,'2019-05-03 09:47:28',29,1,27),(19,'2019-05-03 09:47:41',34,2,27),(20,'2019-05-03 09:47:44',30,1,27),(21,'2019-05-03 09:47:49',27,3,29),(22,'2019-05-03 09:48:11',30,1,27),(23,'2019-05-03 09:48:21',30,1,27),(24,'2019-05-03 09:48:31',30,3,29),(25,'2019-05-03 09:48:50',30,2,27),(26,'2019-05-03 09:49:25',30,1,27),(27,'2019-05-03 09:49:41',31,2,27),(28,'2019-05-03 09:50:24',31,1,27),(29,'2019-05-03 09:50:53',31,1,27),(30,'2019-05-03 09:51:07',31,2,27),(31,'2019-05-03 09:51:10',30,3,29),(32,'2019-05-03 09:51:23',30,3,29),(33,'2019-05-03 09:51:55',30,3,29),(34,'2019-05-03 09:52:10',30,1,27),(35,'2019-05-03 09:52:52',31,1,27),(36,'2019-05-03 09:52:55',30,2,27),(37,'2019-05-03 09:53:06',32,2,27),(38,'2019-05-03 09:53:21',32,2,27),(39,'2019-05-03 09:53:55',31,3,29),(40,'2019-05-03 09:54:54',32,1,27),(41,'2019-05-03 09:55:03',32,2,27),(42,'2019-05-03 09:55:38',32,3,29),(43,'2019-05-03 09:55:59',33,3,29),(44,'2019-05-03 09:56:33',33,1,27),(45,'2019-05-03 09:57:01',33,2,27),(46,'2019-05-03 09:57:18',33,2,27),(47,'2019-05-03 09:57:23',33,2,27),(48,'2019-05-03 09:57:53',33,2,27),(49,'2019-05-03 09:57:57',33,1,27),(50,'2019-05-03 09:58:02',33,1,27),(51,'2019-05-03 09:58:05',33,1,27),(52,'2019-05-03 09:58:28',33,2,27),(53,'2019-05-03 09:59:23',33,3,29),(54,'2019-05-03 09:59:31',33,3,29),(55,'2019-05-03 10:00:36',33,1,27),(56,'2019-05-03 10:00:40',33,2,27),(57,'2019-05-03 10:01:18',33,1,27),(58,'2019-05-03 10:01:26',33,1,27),(59,'2019-05-03 10:01:37',33,1,27),(60,'2019-05-03 10:01:48',33,3,29),(61,'2019-05-03 10:02:00',33,1,27),(62,'2019-05-03 10:02:13',33,2,27),(63,'2019-05-03 10:02:22',33,3,29),(64,'2019-05-03 10:02:29',33,1,27),(65,'2019-05-03 10:02:32',33,3,29),(66,'2019-05-03 10:02:44',33,3,29),(67,'2019-05-03 10:02:48',33,2,27),(68,'2019-05-03 10:03:26',33,2,27),(69,'2019-05-03 10:03:41',33,3,29),(70,'2019-05-03 10:03:49',33,2,27),(71,'2019-05-03 10:04:15',33,3,29);
/*!40000 ALTER TABLE `StoricoLocale` ENABLE KEYS */;
UNLOCK TABLES;
/*!40103 SET TIME_ZONE=@OLD_TIME_ZONE */;

/*!40101 SET SQL_MODE=@OLD_SQL_MODE */;
/*!40014 SET FOREIGN_KEY_CHECKS=@OLD_FOREIGN_KEY_CHECKS */;
/*!40014 SET UNIQUE_CHECKS=@OLD_UNIQUE_CHECKS */;
/*!40101 SET CHARACTER_SET_CLIENT=@OLD_CHARACTER_SET_CLIENT */;
/*!40101 SET CHARACTER_SET_RESULTS=@OLD_CHARACTER_SET_RESULTS */;
/*!40101 SET COLLATION_CONNECTION=@OLD_COLLATION_CONNECTION */;
/*!40111 SET SQL_NOTES=@OLD_SQL_NOTES */;

-- Dump completed on 2019-05-07 11:03:55
